{"cameraMode":{"drawMode":0,"name":"Shaded","section":"Shading Mode"},"sceneLighting":true,"audioPlay":false,"sceneViewState":{"m_AlwaysRefresh":false,"showFog":true,"showSkybox":true,"showFlares":true,"showImageEffects":true,"showParticleSystems":true,"showVisualEffectGraphs":true,"m_FxEnabled":true},"in2DMode":false,"pivot":{"x":0.10457207262516022,"y":10.594459533691407,"z":4.837102890014648},"rotation":{"x":0.28678110241889956,"y":0.028734417632222177,"z":-0.008606016635894776,"w":0.9575262069702148},"size":1.6143361330032349,"orthographic":false}